GROUP,PACKAGE,CLASS,INSTRUCTION_MISSED,INSTRUCTION_COVERED,BRANCH_MISSED,BRANCH_COVERED,LINE_MISSED,LINE_COVERED,COMPLEXITY_MISSED,COMPLEXITY_COVERED,METHOD_MISSED,METHOD_COVERED
aril-batch-sdk,com.aril.arilbatchsdk.core.explore,ArilJobExplorer,0,23,0,0,0,5,0,3,0,3
aril-batch-sdk,com.aril.arilbatchsdk.adapter.kafka,KafkaConsumerStatsAdapter,7,112,3,5,3,23,3,10,0,9
aril-batch-sdk,com.aril.arilbatchsdk.adapter.kafka,ArilKafkaProducerAdapter,14,10,0,0,5,2,1,2,1,2
aril-batch-sdk,com.aril.arilbatchsdk.core.item.data,RepositoryItemIdempotentWriterBuilder,3,86,1,1,1,27,1,9,0,9
aril-batch-sdk,com.aril.arilbatchsdk.core.item.data,RepositoryItemIdempotentWriter,31,54,5,3,8,13,5,6,1,6
aril-batch-sdk,com.aril.arilbatchsdk.core.transform,MapFieldExtractor,0,34,0,2,0,6,0,3,0,2
aril-batch-sdk,com.aril.arilbatchsdk.core.transform,CompositeFieldExtractor,0,45,0,4,0,11,0,5,0,3
aril-batch-sdk,com.aril.arilbatchsdk.core.tasklet.export,ExportMetadataTasklet,0,39,0,0,0,5,0,3,0,3
aril-batch-sdk,com.aril.arilbatchsdk.core.item.controller,ControllerItemReaderBuilder,16,106,2,2,6,31,5,8,3,8
aril-batch-sdk,com.aril.arilbatchsdk.core.item.controller,ControllerItemReader,46,182,16,16,8,38,15,11,0,10
aril-batch-sdk,com.aril.arilbatchsdk.core.parameter,BatchServiceToDbJobParameter.BatchServiceToDbJobParameterBuilder,38,19,2,2,0,1,5,3,3,3
aril-batch-sdk,com.aril.arilbatchsdk.core.parameter,BatchCsvToServiceJobParameter,27,69,4,4,3,8,6,8,2,8
aril-batch-sdk,com.aril.arilbatchsdk.core.parameter,BatchDbToServiceJobParameter.BatchDbToServiceJobParameterBuilder,32,25,2,2,0,1,4,4,2,4
aril-batch-sdk,com.aril.arilbatchsdk.core.parameter,BatchControllerToCsvJobParameter.BatchControllerToCsvJobParameterBuilderImpl,0,7,0,0,0,1,0,2,0,2
aril-batch-sdk,com.aril.arilbatchsdk.core.parameter,BatchCsvToKafkaJobParameter,27,76,4,4,3,9,6,9,2,9
aril-batch-sdk,com.aril.arilbatchsdk.core.parameter,BatchDbToKafkaJobParameter.BatchDbToKafkaJobParameterBuilder,45,19,2,2,0,1,6,3,4,3
aril-batch-sdk,com.aril.arilbatchsdk.core.parameter,BatchExcelToDbJobParameter,75,69,10,4,5,8,11,8,4,8
aril-batch-sdk,com.aril.arilbatchsdk.core.parameter,BatchDbToExcelJobParameter.BatchDbToExcelJobParameterBuilderImpl,0,7,0,0,0,1,0,2,0,2
aril-batch-sdk,com.aril.arilbatchsdk.core.parameter,BatchExcelToKafkaJobParameter.BatchExcelToKafkaJobParameterBuilder,60,35,4,4,0,1,8,5,4,5
aril-batch-sdk,com.aril.arilbatchsdk.core.parameter,BatchExcelToDbJobParameter.BatchExcelToDbJobParameterBuilder,57,33,3,3,0,1,7,5,4,5
aril-batch-sdk,com.aril.arilbatchsdk.core.parameter,BatchControllerToCsvJobParameter.BatchControllerToCsvJobParameterBuilder,34,31,2,2,0,1,4,5,2,5
aril-batch-sdk,com.aril.arilbatchsdk.core.parameter,BatchControllerToCsvJobParameter,57,54,9,3,4,7,9,7,3,7
aril-batch-sdk,com.aril.arilbatchsdk.core.parameter,BatchDbToKafkaJobParameter.BatchDbToKafkaJobParameterBuilderImpl,0,7,0,0,0,1,0,2,0,2
aril-batch-sdk,com.aril.arilbatchsdk.core.parameter,BatchControllerToExcelJobParameter.BatchControllerToExcelJobParameterBuilder,43,31,2,2,0,1,5,5,3,5
aril-batch-sdk,com.aril.arilbatchsdk.core.parameter,BatchControllerToExcelJobParameter.BatchControllerToExcelJobParameterBuilderImpl,0,7,0,0,0,1,0,2,0,2
aril-batch-sdk,com.aril.arilbatchsdk.core.parameter,BatchServiceToExcelJobParameter.BatchServiceToExcelJobParameterBuilderImpl,0,7,0,0,0,1,0,2,0,2
aril-batch-sdk,com.aril.arilbatchsdk.core.parameter,BaseBatchJobParameter,52,57,5,3,2,7,7,8,3,8
aril-batch-sdk,com.aril.arilbatchsdk.core.parameter,BatchCsvToDbJobParameter,75,69,10,4,5,8,11,8,4,8
aril-batch-sdk,com.aril.arilbatchsdk.core.parameter,BatchExcelToDbJobParameter.BatchExcelToDbJobParameterBuilderImpl,0,7,0,0,0,1,0,2,0,2
aril-batch-sdk,com.aril.arilbatchsdk.core.parameter,BatchServiceToKafkaJobParameter.BatchServiceToKafkaJobParameterBuilder,45,19,2,2,0,1,6,3,4,3
aril-batch-sdk,com.aril.arilbatchsdk.core.parameter,BatchCsvToDbJobParameter.BatchCsvToDbJobParameterBuilder,57,33,3,3,0,1,7,5,4,5
aril-batch-sdk,com.aril.arilbatchsdk.core.parameter,BatchCsvToServiceJobParameter.BatchCsvToServiceJobParameterBuilder,57,33,3,3,0,1,7,5,4,5
aril-batch-sdk,com.aril.arilbatchsdk.core.parameter,BatchDbToKafkaJobParameter,45,49,6,2,2,6,6,7,2,7
aril-batch-sdk,com.aril.arilbatchsdk.core.parameter,BatchControllerToExcelJobParameter,58,59,9,3,4,8,9,8,3,8
aril-batch-sdk,com.aril.arilbatchsdk.core.parameter,BatchDbToExcelJobParameter,54,63,8,4,4,8,9,8,3,8
aril-batch-sdk,com.aril.arilbatchsdk.core.parameter,BatchExcelToKafkaJobParameter.BatchExcelToKafkaJobParameterBuilderImpl,0,7,0,0,0,1,0,2,0,2
aril-batch-sdk,com.aril.arilbatchsdk.core.parameter,BatchDbToServiceJobParameter,42,42,6,2,2,5,6,6,2,6
aril-batch-sdk,com.aril.arilbatchsdk.core.parameter,BatchDbToServiceJobParameter.BatchDbToServiceJobParameterBuilderImpl,0,7,0,0,0,1,0,2,0,2
aril-batch-sdk,com.aril.arilbatchsdk.core.parameter,BatchDbToExcelJobParameter.BatchDbToExcelJobParameterBuilder,43,31,2,2,0,1,5,5,3,5
aril-batch-sdk,com.aril.arilbatchsdk.core.parameter,BatchDbToCsvJobParameter.BatchDbToCsvJobParameterBuilderImpl,0,7,0,0,0,1,0,2,0,2
aril-batch-sdk,com.aril.arilbatchsdk.core.parameter,BatchExcelToServiceJobParameter.BatchExcelToServiceJobParameterBuilderImpl,0,7,0,0,0,1,0,2,0,2
aril-batch-sdk,com.aril.arilbatchsdk.core.parameter,BatchServiceToKafkaJobParameter,45,49,6,2,2,6,6,7,2,7
aril-batch-sdk,com.aril.arilbatchsdk.core.parameter,BatchServiceToExcelJobParameter,58,59,9,3,4,8,9,8,3,8
aril-batch-sdk,com.aril.arilbatchsdk.core.parameter,BatchExcelToServiceJobParameter.BatchExcelToServiceJobParameterBuilder,45,45,3,3,0,1,5,7,2,7
aril-batch-sdk,com.aril.arilbatchsdk.core.parameter,BatchServiceToKafkaJobParameter.BatchServiceToKafkaJobParameterBuilderImpl,0,7,0,0,0,1,0,2,0,2
aril-batch-sdk,com.aril.arilbatchsdk.core.parameter,BatchExcelToKafkaJobParameter,75,69,12,4,2,8,10,9,2,9
aril-batch-sdk,com.aril.arilbatchsdk.core.parameter,BaseBatchJobParameter.BaseBatchJobParameterBuilder,36,32,1,1,0,1,4,5,3,5
aril-batch-sdk,com.aril.arilbatchsdk.core.parameter,BatchServiceToDbJobParameter.BatchServiceToDbJobParameterBuilderImpl,0,7,0,0,0,1,0,2,0,2
aril-batch-sdk,com.aril.arilbatchsdk.core.parameter,BatchCsvToServiceJobParameter.BatchCsvToServiceJobParameterBuilderImpl,0,7,0,0,0,1,0,2,0,2
aril-batch-sdk,com.aril.arilbatchsdk.core.parameter,BatchServiceToDbJobParameter,42,42,6,2,2,5,6,6,2,6
aril-batch-sdk,com.aril.arilbatchsdk.core.parameter,BatchDbToCsvJobParameter.BatchDbToCsvJobParameterBuilder,40,25,2,2,0,1,5,4,3,4
aril-batch-sdk,com.aril.arilbatchsdk.core.parameter,BatchCsvToKafkaJobParameter.BatchCsvToKafkaJobParameterBuilderImpl,0,7,0,0,0,1,0,2,0,2
aril-batch-sdk,com.aril.arilbatchsdk.core.parameter,BatchServiceToExcelJobParameter.BatchServiceToExcelJobParameterBuilder,43,31,2,2,0,1,5,5,3,5
aril-batch-sdk,com.aril.arilbatchsdk.core.parameter,BatchDbToCsvJobParameter,57,54,9,3,4,7,9,7,3,7
aril-batch-sdk,com.aril.arilbatchsdk.core.parameter,BatchExcelToServiceJobParameter,27,69,4,4,3,8,6,8,2,8
aril-batch-sdk,com.aril.arilbatchsdk.core.parameter,BatchCsvToDbJobParameter.BatchCsvToDbJobParameterBuilderImpl,0,7,0,0,0,1,0,2,0,2
aril-batch-sdk,com.aril.arilbatchsdk.core.parameter,BatchCsvToKafkaJobParameter.BatchCsvToKafkaJobParameterBuilder,64,33,3,3,0,1,8,5,5,5
aril-batch-sdk,com.aril.arilbatchsdk.core.converter,StringToBatchJobParameterWrapperConverter,5,17,1,1,0,5,1,2,0,2
aril-batch-sdk,com.aril.arilbatchsdk.core.converter,BatchJobParameterWrapperToStringConverter,5,9,1,1,0,3,1,2,0,2
aril-batch-sdk,com.aril.arilbatchsdk.core.converter,StringToBatchJobParameterWrapperConverter.new TypeToken() {...},0,6,0,0,0,1,0,1,0,1
aril-batch-sdk,com.aril.arilbatchsdk.core.tasklet.consumer,ConsumerTrackerTasklet,0,31,0,0,0,4,0,2,0,2
aril-batch-sdk,com.aril.arilbatchsdk.util,JobUtils,0,29,0,0,0,4,0,4,0,4
aril-batch-sdk,com.aril.arilbatchsdk.util,MethodInvokerUtils,32,38,3,3,8,12,2,4,0,3
aril-batch-sdk,com.aril.arilbatchsdk.util,SpecificationUtils,7,72,1,13,1,15,2,12,1,6
aril-batch-sdk,com.aril.arilbatchsdk.util,ObjectMapperUtils.new TypeReference() {...},0,3,0,0,0,1,0,1,0,1
aril-batch-sdk,com.aril.arilbatchsdk.util,GsonUtils,0,21,0,0,0,5,0,2,0,2
aril-batch-sdk,com.aril.arilbatchsdk.util,GsonUtils.new ExclusionStrategy() {...},0,12,0,0,0,3,0,3,0,3
aril-batch-sdk,com.aril.arilbatchsdk.util,MethodUtils,0,40,0,6,0,8,0,4,0,1
aril-batch-sdk,com.aril.arilbatchsdk.util,ObjectMapperUtils,0,74,0,6,0,13,0,6,0,3
aril-batch-sdk,com.aril.arilbatchsdk.core.parameter.support,BatchJobParameterWrapper,4,12,0,0,1,3,1,3,1,3
aril-batch-sdk,com.aril.arilbatchsdk.core.parameter.support,ServiceIdempotentItemWriterParameter,10,29,2,2,0,4,2,5,0,5
aril-batch-sdk,com.aril.arilbatchsdk.core.parameter.support,RepositoryItemReaderParameter.RepositoryItemReaderParameterBuilder,33,36,3,3,0,1,5,5,2,5
aril-batch-sdk,com.aril.arilbatchsdk.core.parameter.support,RepositoryIdempotentItemWriterParameter.RepositoryIdempotentItemWriterParameterBuilder,20,25,1,1,0,1,3,4,2,4
aril-batch-sdk,com.aril.arilbatchsdk.core.parameter.support,ServiceIdempotentItemWriterParameter.ServiceIdempotentItemWriterParameterBuilder,20,32,2,2,0,1,3,5,1,5
aril-batch-sdk,com.aril.arilbatchsdk.core.parameter.support,RepositoryItemReaderParameter,15,37,3,3,0,5,3,6,0,6
aril-batch-sdk,com.aril.arilbatchsdk.core.parameter.support,RepositoryIdempotentItemWriterParameter,5,27,1,1,0,4,1,5,0,5
aril-batch-sdk,com.aril.arilbatchsdk.core.parameter.support,BatchJobParameterWrapper.BatchJobParameterWrapperBuilder,19,0,0,0,1,0,4,0,4,0
aril-batch-sdk,com.aril.arilbatchsdk.entity,BatchJobConsumerTracker,47,113,0,0,1,18,12,21,12,21
aril-batch-sdk,com.aril.arilbatchsdk.entity,BatchJobResultSummary.BatchJobResultSummaryBuilder,37,36,0,0,0,1,5,5,5,5
aril-batch-sdk,com.aril.arilbatchsdk.entity,BatchJobResultSummary,28,52,0,0,4,7,8,9,8,9
aril-batch-sdk,com.aril.arilbatchsdk.entity,BatchJobConsumerTracker.BatchJobConsumerTrackerBuilder,45,102,0,0,0,1,3,15,3,15
aril-batch-sdk,com.aril.arilbatchsdk.entity,BatchJobItemResult_,3,0,0,0,1,0,1,0,1,0
aril-batch-sdk,com.aril.arilbatchsdk.entity,BatchJobSummary.BatchJobSummaryBuilder,136,50,0,0,0,1,19,3,19,3
aril-batch-sdk,com.aril.arilbatchsdk.entity,BatchJobConsumerTracker_,3,0,0,0,1,0,1,0,1,0
aril-batch-sdk,com.aril.arilbatchsdk.entity,BatchJobResultSummary_,3,0,0,0,1,0,1,0,1,0
aril-batch-sdk,com.aril.arilbatchsdk.entity,BatchJobItemResult,61,79,0,0,4,13,16,13,16,13
aril-batch-sdk,com.aril.arilbatchsdk.entity,BatchJobSummary_,3,0,0,0,1,0,1,0,1,0
aril-batch-sdk,com.aril.arilbatchsdk.entity,BatchJobItemResult.BatchJobItemResultBuilder,39,88,0,0,0,1,3,13,3,13
aril-batch-sdk,com.aril.arilbatchsdk.entity,BatchJobSummary,39,161,0,0,9,14,12,29,12,29
aril-batch-sdk,com.aril.arilbatchsdk.adapter.minio,MinioFileUploaderAdapter,12,65,0,0,1,9,1,5,1,5
aril-batch-sdk,com.aril.arilbatchsdk.core.item.excel.support,DefaultExcelStreamHeaderCallback,0,26,0,2,0,5,0,3,0,2
aril-batch-sdk,com.aril.arilbatchsdk.core.item.excel.support,ExcelThousandSeparatorFormat,30,40,4,0,7,6,4,3,2,3
aril-batch-sdk,com.aril.arilbatchsdk.core.item.excel.support,DefaultExcelWorkbookFactory,41,32,5,2,7,8,5,5,1,5
aril-batch-sdk,com.aril.arilbatchsdk.core.item.excel.support,ExcelFileFormat,0,15,0,0,0,3,0,1,0,1
aril-batch-sdk,com.aril.arilbatchsdk.core.item.support,IdempotentWriter,0,33,0,0,0,10,0,2,0,2
aril-batch-sdk,com.aril.arilbatchsdk.config.job,ArilBatchFromCsvToDbConfig,5,130,1,1,1,32,1,8,0,8
aril-batch-sdk,com.aril.arilbatchsdk.config.job,ArilBatchFromDbToCsvConfig,5,196,1,1,1,44,1,12,0,12
aril-batch-sdk,com.aril.arilbatchsdk.config.job,AbstractArilBatchConfig,4,103,1,1,1,34,1,7,0,7
aril-batch-sdk,com.aril.arilbatchsdk.config.job,ArilBatchFromControllerToExcelConfig,0,178,0,2,0,38,0,12,0,11
aril-batch-sdk,com.aril.arilbatchsdk.config.job,ArilBatchFromServiceToKafkaConfig,5,138,1,1,1,34,1,8,0,8
aril-batch-sdk,com.aril.arilbatchsdk.config.job,ArilBatchFromCsvToKafkaConfig,5,147,1,1,1,35,1,8,0,8
aril-batch-sdk,com.aril.arilbatchsdk.config.job,ArilBatchFromDbToExcelConfig,5,197,1,1,1,45,1,11,0,11
aril-batch-sdk,com.aril.arilbatchsdk.config.job,ArilBatchFromControllerToCsvConfig,0,177,0,2,0,37,0,13,0,12
aril-batch-sdk,com.aril.arilbatchsdk.config.job,ArilBatchFromDbToKafkaConfig,5,162,1,1,1,42,1,8,0,8
aril-batch-sdk,com.aril.arilbatchsdk.config.job,ArilBatchFromDbToServiceConfig,5,143,1,1,1,39,1,8,0,8
aril-batch-sdk,com.aril.arilbatchsdk.config.job,ArilBatchFromServiceToExcelConfig,0,178,0,2,0,38,0,12,0,11
aril-batch-sdk,com.aril.arilbatchsdk.config.job,ArilBatchFromExcelToDbConfig,5,128,1,1,1,32,1,8,0,8
aril-batch-sdk,com.aril.arilbatchsdk.config.job,ArilBatchFromServiceToDbConfig,5,121,1,1,1,31,1,8,0,8
aril-batch-sdk,com.aril.arilbatchsdk.config.job,ArilBatchFromExcelToKafkaConfig,5,152,1,1,1,36,1,8,0,8
aril-batch-sdk,com.aril.arilbatchsdk.config.job,ArilBatchFromExcelToServiceConfig,5,128,1,1,1,32,1,8,0,8
aril-batch-sdk,com.aril.arilbatchsdk.config.job,ArilBatchFromCsvToServiceConfig,5,128,1,1,1,32,1,8,0,8
aril-batch-sdk,com.aril.arilbatchsdk.filter.specification,SpecificationFieldOperation.new SpecificationFieldOperation() {...},0,12,0,0,0,2,0,2,0,2
aril-batch-sdk,com.aril.arilbatchsdk.filter.specification,SpecificationFieldOperation.new SpecificationFieldOperation() {...},0,12,0,0,0,2,0,2,0,2
aril-batch-sdk,com.aril.arilbatchsdk.filter.specification,SpecificationFieldOperation.new SpecificationFieldOperation() {...},0,12,0,0,0,2,0,2,0,2
aril-batch-sdk,com.aril.arilbatchsdk.filter.specification,SpecificationFieldOperation.new SpecificationFieldOperation() {...},0,12,0,0,0,2,0,2,0,2
aril-batch-sdk,com.aril.arilbatchsdk.filter.specification,BatchJobSummarySpecification,10,57,2,2,0,12,2,4,0,4
aril-batch-sdk,com.aril.arilbatchsdk.filter.specification,SpecificationFieldOperation,0,27,0,0,0,5,0,1,0,1
aril-batch-sdk,com.aril.arilbatchsdk.core.tasklet.file,ExcelFileUploaderTasklet,10,31,2,2,0,4,2,2,0,2
aril-batch-sdk,com.aril.arilbatchsdk.core.tasklet.file,CsvFileUploaderTasklet,0,27,0,0,0,3,0,2,0,2
aril-batch-sdk,com.aril.arilbatchsdk.core.tasklet.file,LocalFileDeleteTasklet,0,15,0,0,0,3,0,2,0,2
aril-batch-sdk,com.aril.arilbatchsdk.adapter.kafka.data,BatchConsumerCompletedEventData.BatchConsumerCompletedEventDataBuilder,23,77,0,0,0,1,1,12,1,12
aril-batch-sdk,com.aril.arilbatchsdk.adapter.kafka.data,BatchConsumerCompletedEventData,33,37,0,0,11,2,11,2,11,2
aril-batch-sdk,com.aril.arilbatchsdk.facade,BatchJobSummaryFacade,13,92,1,1,1,14,2,13,1,13
aril-batch-sdk,com.aril.arilbatchsdk.facade,BatchConsumerTrackerFacade,7,215,2,10,3,48,2,13,0,9
aril-batch-sdk,com.aril.arilbatchsdk.facade,BatchJobItemResultFacade,0,16,0,0,0,3,0,3,0,3
aril-batch-sdk,com.aril.arilbatchsdk.facade,BatchJobResultSummaryFacade,0,39,0,0,0,7,0,4,0,4
aril-batch-sdk,com.aril.arilbatchsdk.core.item.service.reader,ServiceItemReaderBuilder,26,96,2,2,9,28,7,6,5,6
aril-batch-sdk,com.aril.arilbatchsdk.core.item.service.reader,PagingReaderService,5,0,0,0,1,0,1,0,1,0
aril-batch-sdk,com.aril.arilbatchsdk.core.item.service.reader,ServiceItemReader,3,83,5,5,0,16,5,7,0,7
aril-batch-sdk,com.aril.arilbatchsdk.core.item.service,IdempotentService,5,0,0,0,1,0,1,0,1,0
aril-batch-sdk,com.aril.arilbatchsdk,ArilBatchConfig,0,3,0,0,0,1,0,1,0,1
aril-batch-sdk,com.aril.arilbatchsdk.core.listener,IdempotentJobEventProcessorListener,3,14,2,2,1,4,2,2,0,2
aril-batch-sdk,com.aril.arilbatchsdk.core.listener,JobExecutionStatusChangeListener,0,14,1,1,0,4,1,2,0,2
aril-batch-sdk,com.aril.arilbatchsdk.core.listener,ChunkStepExecutionListener,5,49,1,1,0,7,1,3,0,3
aril-batch-sdk,com.aril.arilbatchsdk.service,MessageSourceService,36,16,0,0,8,6,3,2,3,2
aril-batch-sdk,com.aril.arilbatchsdk.service,BaseBatchJobLauncherService,90,435,0,0,15,101,15,32,15,32
aril-batch-sdk,com.aril.arilbatchsdk.service,BatchJobResultSummaryService,0,66,1,1,0,16,1,5,0,5
aril-batch-sdk,com.aril.arilbatchsdk.service,BatchJobItemResultService,2,171,2,8,1,49,2,13,0,10
aril-batch-sdk,com.aril.arilbatchsdk.service,BatchJobLauncherService,0,24,0,0,0,4,0,2,0,2
aril-batch-sdk,com.aril.arilbatchsdk.service,BatchConsumerTrackerService,10,133,2,6,2,39,2,9,0,7
aril-batch-sdk,com.aril.arilbatchsdk.service,BatchJobSummaryService,3,187,1,1,0,39,1,14,0,14
aril-batch-sdk,com.aril.arilbatchsdk.service,BatchAsyncJobLauncherService,0,24,0,0,0,4,0,2,0,2
aril-batch-sdk,com.aril.arilbatchsdk.core.mapper,IdempotentBatchItemMapFieldSetMapper,33,0,2,0,5,0,3,0,2,0
aril-batch-sdk,com.aril.arilbatchsdk.adapter.kafka.event,BatchConsumerCompletedEvent,74,10,16,0,3,3,13,1,5,1
aril-batch-sdk,com.aril.arilbatchsdk.core.item.excel,ExcelStreamItemWriter,148,368,22,32,24,88,27,32,7,25
aril-batch-sdk,com.aril.arilbatchsdk.core.item.excel,ExcelStreamItemWriter.DefaultExcelHeaderCallback,33,0,2,0,6,0,3,0,2,0
aril-batch-sdk,com.aril.arilbatchsdk.core.item.excel,ExcelStreamItemWriterBuilder,38,119,1,1,15,33,8,9,7,9
aril-batch-sdk,com.aril.arilbatchsdk.core.item.excel,ExcelStreamItemWriter.OutputState,76,148,6,4,13,42,20,10,15,10
aril-batch-sdk,com.aril.arilbatchsdk.core.item,AbstractItemIdempotentWriter,0,83,0,6,0,24,0,12,0,9
aril-batch-sdk,com.aril.arilbatchsdk.core.item,AbstractPagingServiceAndControllerReader,43,125,2,14,7,29,6,12,4,6
aril-batch-sdk,com.aril.arilbatchsdk.core.result,BatchJobItemResultParameter,10,63,2,2,0,9,2,12,0,12
aril-batch-sdk,com.aril.arilbatchsdk.core.result,BatchJobItemResultParameter.BatchJobItemResultParameterBuilder,29,87,2,6,0,1,3,12,1,10
aril-batch-sdk,com.aril.arilbatchsdk.core.result,BatchJobItemErrorDetail,6,13,0,0,2,1,2,2,2,2
aril-batch-sdk,com.aril.arilbatchsdk.core.result,BatchJobItemErrorDetail.BatchJobItemErrorDetailBuilder,6,21,0,0,0,1,1,4,1,4
aril-batch-sdk,com.aril.arilbatchsdk.config,TransactionConfig,0,22,0,0,0,5,0,3,0,3
aril-batch-sdk,com.aril.arilbatchsdk.config,ArilBatchProperties,0,20,0,0,0,4,0,5,0,5
aril-batch-sdk,com.aril.arilbatchsdk.config,ArilMinioConfig,0,8,0,0,0,2,0,2,0,2
aril-batch-sdk,com.aril.arilbatchsdk.config,ArilJobConfiguration,7,95,0,0,2,22,0,7,0,7
aril-batch-sdk,com.aril.arilbatchsdk.core.item.kafka,KafkaItemIdempotentWriterBuilder,0,65,0,0,0,21,0,8,0,8
aril-batch-sdk,com.aril.arilbatchsdk.core.item.kafka,KafkaItemIdempotentWriter,9,42,1,1,1,12,2,5,1,5
aril-batch-sdk,com.aril.arilbatchsdk.core,IdempotencyOptions,0,27,0,0,0,4,0,6,0,6
aril-batch-sdk,com.aril.arilbatchsdk.core,BatchType,0,93,0,0,0,16,0,1,0,1
aril-batch-sdk,com.aril.arilbatchsdk.core,IdempotencyOptions.IdempotencyOptionsBuilder,19,28,0,2,0,1,3,4,3,3
aril-batch-sdk,com.aril.arilbatchsdk.filter.usecase,FilterBatchJobUseCase,0,47,0,0,0,7,0,8,0,8
aril-batch-sdk,com.aril.arilbatchsdk.filter.usecase,FilterBatchJobUseCase.FilterBatchJobUseCaseBuilder,15,33,0,0,0,1,1,6,1,6
aril-batch-sdk,com.aril.arilbatchsdk.filter.usecase,FilterBatchJobUseCase.FilterBatchJobUseCaseBuilderImpl,0,7,0,0,0,1,0,2,0,2
aril-batch-sdk,com.aril.arilbatchsdk.filter.predicate,FilterBatchJobSummaryPredicates,0,78,0,0,0,8,0,3,0,3
aril-batch-sdk,com.aril.arilbatchsdk.core.processor,IdempotentJobEventProcessor,0,16,0,0,0,3,0,2,0,2
aril-batch-sdk,com.aril.arilbatchsdk.core.skip,IdempotentSkipPolicy,0,6,0,0,0,2,0,2,0,2
aril-batch-sdk,com.aril.arilbatchsdk.core.item.service.writer,ServiceItemIdempotentWriterBuilder,0,78,0,0,0,25,0,8,0,8
aril-batch-sdk,com.aril.arilbatchsdk.core.item.service.writer,ServiceItemIdempotentWriter,1,63,1,3,0,15,1,7,0,6
